Method,Accuracy
1NN,0.9494655004859086
SVM,0.9484936831875608
LTS,0.8250728862973761
